{"cameraMode":{"drawMode":0,"name":"Shaded","section":"Shading Mode"},"sceneLighting":false,"audioPlay":false,"sceneViewState":{"showFog":true,"showMaterialUpdate":false,"showSkybox":false,"showFlares":true,"showImageEffects":true,"showParticleSystems":true},"in2DMode":false,"pivot":{"x":-5.302978515625,"y":4.271484375,"z":4.829833984375},"rotation":{"x":-0.07388954609632492,"y":-0.9110620021820068,"z":0.18705381453037263,"w":-0.35988572239875796},"size":3.1053590774536135,"orthographic":true}