{"cameraMode":{"drawMode":0,"name":"Shaded","section":"Shading Mode"},"sceneLighting":false,"audioPlay":false,"sceneViewState":{"showFog":true,"showMaterialUpdate":false,"showSkybox":false,"showFlares":true,"showImageEffects":true,"showParticleSystems":true},"in2DMode":false,"pivot":{"x":-0.29052734375,"y":2.65283203125,"z":4.68994140625},"rotation":{"x":0.1728586107492447,"y":-0.8265895843505859,"z":0.36172205209732058,"w":0.3950123190879822},"size":3.9612059593200685,"orthographic":true}