{"cameraMode":{"drawMode":0,"name":"Shaded","section":"Shading Mode"},"sceneLighting":false,"audioPlay":false,"sceneViewState":{"showFog":true,"showMaterialUpdate":false,"showSkybox":false,"showFlares":true,"showImageEffects":true,"showParticleSystems":true},"in2DMode":false,"pivot":{"x":-4.0205078125,"y":0.195556640625,"z":1.4200439453125},"rotation":{"x":-0.28054913878440859,"y":-0.479310005903244,"z":0.16498064994812013,"w":-0.8150733709335327},"size":3.1053590774536135,"orthographic":true}