{"cameraMode":{"drawMode":0,"name":"Shaded","section":"Shading Mode"},"sceneLighting":false,"audioPlay":false,"sceneViewState":{"showFog":true,"showMaterialUpdate":false,"showSkybox":false,"showFlares":true,"showImageEffects":true,"showParticleSystems":true},"in2DMode":false,"pivot":{"x":-2.3034238815307619,"y":-1.3431768417358399,"z":1.2447222471237183},"rotation":{"x":0.3234500288963318,"y":-0.43660634756088259,"z":0.17186440527439118,"w":0.821723461151123},"size":5.056492805480957,"orthographic":false}