{"cameraMode":{"drawMode":0,"name":"Shaded","section":"Shading Mode"},"sceneLighting":false,"audioPlay":false,"sceneViewState":{"showFog":true,"showMaterialUpdate":false,"showSkybox":false,"showFlares":true,"showImageEffects":true,"showParticleSystems":true},"in2DMode":false,"pivot":{"x":-3.3837890625,"y":2.0507023334503176,"z":2.9435956478118898},"rotation":{"x":0.06951817870140076,"y":-0.854706883430481,"z":0.11870408058166504,"w":0.5005538463592529},"size":3.7286901473999025,"orthographic":true}