{"cameraMode":{"drawMode":0,"name":"Shaded","section":"Shading Mode"},"sceneLighting":true,"audioPlay":false,"sceneViewState":{"showFog":true,"showMaterialUpdate":false,"showSkybox":true,"showFlares":true,"showImageEffects":true,"showParticleSystems":true},"in2DMode":false,"pivot":{"x":0.6695597171783447,"y":2.0600008964538576,"z":1.6727821826934815},"rotation":{"x":0.40027156472206118,"y":-0.06178686022758484,"z":0.02706124819815159,"w":0.9139116406440735},"size":3.459066390991211,"orthographic":false}