{"cameraMode":{"drawMode":0,"name":"Shaded","section":"Shading Mode"},"sceneLighting":false,"audioPlay":false,"sceneViewState":{"showFog":true,"showMaterialUpdate":false,"showSkybox":false,"showFlares":true,"showImageEffects":true,"showParticleSystems":true},"in2DMode":false,"pivot":{"x":-2.032958984375,"y":1.10205078125,"z":4.3662109375},"rotation":{"x":-0.2306530475616455,"y":-0.6444250345230103,"z":0.21319793164730073,"w":-0.6971849799156189},"size":3.1307811737060549,"orthographic":true}