{"cameraMode":{"drawMode":0,"name":"Shaded","section":"Shading Mode"},"sceneLighting":false,"audioPlay":false,"sceneViewState":{"showFog":true,"showMaterialUpdate":false,"showSkybox":false,"showFlares":true,"showImageEffects":true,"showParticleSystems":true},"in2DMode":false,"pivot":{"x":-3.08477783203125,"y":0.9453125,"z":2.1644287109375},"rotation":{"x":0.13190053403377534,"y":-0.8644189834594727,"z":0.2975379228591919,"w":0.38322895765304568},"size":3.7286901473999025,"orthographic":true}