{"cameraMode":{"drawMode":0,"name":"Shaded","section":"Shading Mode"},"sceneLighting":false,"audioPlay":false,"sceneViewState":{"showFog":true,"showMaterialUpdate":false,"showSkybox":false,"showFlares":true,"showImageEffects":true,"showParticleSystems":true},"in2DMode":false,"pivot":{"x":-3.747657060623169,"y":-0.309603214263916,"z":1.1216859817504883},"rotation":{"x":0.1187700629234314,"y":-0.8739326000213623,"z":0.26746922731399538,"w":0.38807347416877749},"size":10.131524085998536,"orthographic":false}