{"cameraMode":{"drawMode":0,"name":"Shaded","section":"Shading Mode"},"sceneLighting":false,"audioPlay":false,"sceneViewState":{"showFog":true,"showMaterialUpdate":false,"showSkybox":false,"showFlares":true,"showImageEffects":true,"showParticleSystems":true},"in2DMode":false,"pivot":{"x":5.310810089111328,"y":16.356578826904298,"z":30.738765716552736},"rotation":{"x":-0.3535645604133606,"y":0.412319153547287,"z":-0.1776455193758011,"w":-0.8206349611282349},"size":26.668498992919923,"orthographic":false}