{"cameraMode":{"drawMode":0,"name":"Shaded","section":"Shading Mode"},"sceneLighting":true,"audioPlay":false,"sceneViewState":{"showFog":true,"showMaterialUpdate":false,"showSkybox":true,"showFlares":true,"showImageEffects":true,"showParticleSystems":true},"in2DMode":false,"pivot":{"x":0.40125495195388796,"y":1.308558702468872,"z":0.18363094329833985},"rotation":{"x":-0.13636565208435059,"y":0.017563626170158387,"z":-0.0024040015414357187,"w":-0.99052894115448},"size":2.4247450828552248,"orthographic":false}