{"cameraMode":{"drawMode":0,"name":"Shaded","section":"Shading Mode"},"sceneLighting":false,"audioPlay":false,"sceneViewState":{"showFog":true,"showMaterialUpdate":false,"showSkybox":false,"showFlares":true,"showImageEffects":true,"showParticleSystems":true},"in2DMode":false,"pivot":{"x":-0.611548900604248,"y":1.1360955238342286,"z":1.5608576536178589},"rotation":{"x":-0.14370213449001313,"y":0.7463321089744568,"z":-0.17106033861637116,"w":-0.6269689798355103},"size":5.8416595458984379,"orthographic":false}