{"cameraMode":{"drawMode":0,"name":"Shaded","section":"Shading Mode"},"sceneLighting":false,"audioPlay":false,"sceneViewState":{"showFog":true,"showMaterialUpdate":false,"showSkybox":false,"showFlares":true,"showImageEffects":true,"showParticleSystems":true},"in2DMode":false,"pivot":{"x":7.077231407165527,"y":18.03805923461914,"z":15.160028457641602},"rotation":{"x":-0.4728267788887024,"y":0.2994382679462433,"z":-0.17475569248199464,"w":-0.8101163506507874},"size":19.332487106323243,"orthographic":false}