{"cameraMode":{"drawMode":0,"name":"Shaded","section":"Shading Mode"},"sceneLighting":true,"audioPlay":false,"sceneViewState":{"showFog":true,"showMaterialUpdate":false,"showSkybox":true,"showFlares":true,"showImageEffects":true,"showParticleSystems":true},"in2DMode":false,"pivot":{"x":-27.87530517578125,"y":-64.06507110595703,"z":51.76913833618164},"rotation":{"x":-0.4054968059062958,"y":0.25844985246658327,"z":-0.12064434587955475,"w":-0.8684943914413452},"size":53.62086486816406,"orthographic":false}