{"cameraMode":{"drawMode":0,"name":"Shaded","section":"Shading Mode"},"sceneLighting":false,"audioPlay":false,"sceneViewState":{"showFog":true,"showMaterialUpdate":false,"showSkybox":false,"showFlares":true,"showImageEffects":true,"showParticleSystems":true},"in2DMode":false,"pivot":{"x":0.11856360733509064,"y":2.202610731124878,"z":7.3970184326171879},"rotation":{"x":-0.10808824002742768,"y":-0.014317186549305916,"z":0.001558603486046195,"w":-0.994045078754425},"size":6.049327850341797,"orthographic":false}