{"cameraMode":{"drawMode":0,"name":"Shaded","section":"Shading Mode"},"sceneLighting":false,"audioPlay":false,"sceneViewState":{"showFog":true,"showMaterialUpdate":false,"showSkybox":false,"showFlares":true,"showImageEffects":true,"showParticleSystems":true},"in2DMode":false,"pivot":{"x":5.735489845275879,"y":4.625337600708008,"z":15.768503189086914},"rotation":{"x":-0.3733053505420685,"y":0.24643519520759583,"z":-0.10355599224567414,"w":-0.8883712887763977},"size":18.45123863220215,"orthographic":false}