{"cameraMode":{"drawMode":0,"name":"Shaded","section":"Shading Mode"},"sceneLighting":false,"audioPlay":false,"sceneViewState":{"showFog":true,"showMaterialUpdate":false,"showSkybox":false,"showFlares":true,"showImageEffects":true,"showParticleSystems":true},"in2DMode":false,"pivot":{"x":-2.7989015579223635,"y":2.5648417472839357,"z":5.06234073638916},"rotation":{"x":0.19596725702285767,"y":-0.35400015115737917,"z":0.07611843198537827,"w":0.9113284945487976},"size":7.546817302703857,"orthographic":false}