{"cameraMode":{"drawMode":0,"name":"Shaded","section":"Shading Mode"},"sceneLighting":false,"audioPlay":false,"sceneViewState":{"showFog":true,"showMaterialUpdate":false,"showSkybox":false,"showFlares":true,"showImageEffects":true,"showParticleSystems":true},"in2DMode":false,"pivot":{"x":-0.08277511596679688,"y":2.2136569023132326,"z":3.7585651874542238},"rotation":{"x":0.1082080528140068,"y":-0.5536792278289795,"z":0.07283572107553482,"w":0.8224704265594482},"size":9.59360408782959,"orthographic":false}