{"cameraMode":{"drawMode":0,"name":"Shaded","section":"Shading Mode"},"sceneLighting":false,"audioPlay":false,"sceneViewState":{"showFog":true,"showMaterialUpdate":false,"showSkybox":false,"showFlares":true,"showImageEffects":true,"showParticleSystems":true},"in2DMode":false,"pivot":{"x":0.0024416446685791017,"y":0.02481737732887268,"z":0.038900360465049747},"rotation":{"x":-0.20123885571956635,"y":0.17066200077533723,"z":-0.035611920058727267,"w":-0.9639345407485962},"size":6.95386266708374,"orthographic":false}