{"cameraMode":{"drawMode":0,"name":"Shaded","section":"Shading Mode"},"sceneLighting":false,"audioPlay":false,"sceneViewState":{"showFog":true,"showMaterialUpdate":false,"showSkybox":false,"showFlares":true,"showImageEffects":true,"showParticleSystems":true},"in2DMode":false,"pivot":{"x":-8.42596435546875,"y":43.43095779418945,"z":29.81055450439453},"rotation":{"x":-0.018179766833782197,"y":0.8625009655952454,"z":-0.03106342814862728,"w":-0.5047749280929565},"size":105.54125213623047,"orthographic":false}