{"cameraMode":{"drawMode":0,"name":"Shaded","section":"Shading Mode"},"sceneLighting":false,"audioPlay":false,"sceneViewState":{"showFog":true,"showMaterialUpdate":false,"showSkybox":false,"showFlares":true,"showImageEffects":true,"showParticleSystems":true},"in2DMode":false,"pivot":{"x":4.019620895385742,"y":-1.9429984092712403,"z":38.087554931640628},"rotation":{"x":-0.39819517731666567,"y":0.18561497330665589,"z":-0.08262654393911362,"w":-0.8945285081863403},"size":5.807200908660889,"orthographic":false}