{"cameraMode":{"drawMode":0,"name":"Shaded","section":"Shading Mode"},"sceneLighting":false,"audioPlay":false,"sceneViewState":{"showFog":true,"showMaterialUpdate":false,"showSkybox":false,"showFlares":true,"showImageEffects":true,"showParticleSystems":true},"in2DMode":false,"pivot":{"x":-4.37125301361084,"y":5.662757396697998,"z":3.213235378265381},"rotation":{"x":-0.01495642401278019,"y":-0.4221673905849457,"z":-0.006966395303606987,"w":0.9063677787780762},"size":7.11123514175415,"orthographic":false}