{"cameraMode":{"drawMode":0,"name":"Shaded","section":"Shading Mode"},"sceneLighting":false,"audioPlay":false,"sceneViewState":{"showFog":true,"showMaterialUpdate":false,"showSkybox":false,"showFlares":true,"showImageEffects":true,"showParticleSystems":true},"in2DMode":false,"pivot":{"x":-11.332054138183594,"y":-15.177181243896485,"z":42.155540466308597},"rotation":{"x":-0.3102942407131195,"y":0.32139822840690615,"z":-0.11236155778169632,"w":-0.8876028656959534},"size":29.51846694946289,"orthographic":false}