{"cameraMode":{"drawMode":0,"name":"Shaded","section":"Shading Mode"},"sceneLighting":true,"audioPlay":false,"sceneViewState":{"showFog":true,"showMaterialUpdate":false,"showSkybox":true,"showFlares":true,"showImageEffects":true,"showParticleSystems":true},"in2DMode":false,"pivot":{"x":176.535888671875,"y":92.34989929199219,"z":50.01300048828125},"rotation":{"x":-0.08568836748600006,"y":0.020651845261454583,"z":-0.0017624677857384086,"w":-0.9961349368095398},"size":187.84783935546876,"orthographic":false}