{"cameraMode":{"drawMode":0,"name":"Shaded","section":"Shading Mode"},"sceneLighting":false,"audioPlay":false,"sceneViewState":{"showFog":true,"showMaterialUpdate":false,"showSkybox":false,"showFlares":true,"showImageEffects":true,"showParticleSystems":true},"in2DMode":false,"pivot":{"x":-10.378474235534668,"y":-15.041337013244629,"z":23.684675216674806},"rotation":{"x":-0.3230164349079132,"y":0.1501745879650116,"z":-0.05199715122580528,"w":-0.9329628944396973},"size":15.505699157714844,"orthographic":false}