{"cameraMode":{"drawMode":0,"name":"Shaded","section":"Shading Mode"},"sceneLighting":false,"audioPlay":false,"sceneViewState":{"showFog":true,"showMaterialUpdate":false,"showSkybox":false,"showFlares":true,"showImageEffects":true,"showParticleSystems":true},"in2DMode":false,"pivot":{"x":-2.462888717651367,"y":4.579019546508789,"z":5.53917121887207},"rotation":{"x":-0.01495642401278019,"y":-0.4221673905849457,"z":-0.006966395303606987,"w":0.9063677787780762},"size":7.096834659576416,"orthographic":false}