{"cameraMode":{"drawMode":0,"name":"Shaded","section":"Shading Mode"},"sceneLighting":true,"audioPlay":false,"sceneViewState":{"showFog":true,"showMaterialUpdate":false,"showSkybox":true,"showFlares":true,"showImageEffects":true,"showParticleSystems":true},"in2DMode":false,"pivot":{"x":0.06066274642944336,"y":5.851581573486328,"z":3.717958450317383},"rotation":{"x":0.09248403459787369,"y":0.9035158157348633,"z":-0.33731409907341006,"w":0.2477397918701172},"size":5.1203718185424809,"orthographic":false}